Tweets,Sentiment
entrepreneurs freedom loot expect common citizens fly cant provide affordable food airport coffee 250 rs bangalore airport problem,negative
banglore airport one biggest best est lounges amongst airports india huge variety food starting khari rusk parle g chai coffee main couse indian conti chinese many snacks desserts impressed kudos banglore,positive
lot folks twitter already spoke good terminal 2 bangalore airport one mentioned best part smoking zone outside area like cafe park getting cramped closed area full smoke awesome,positive
bangalore airport ninchi baitaki raagane micro goa feels cafes resto bars brewery,neutral
early morning flight catchone shud go bangalore airport late night try open cafes soul mate night breeze awesome,positive
check mitti cafe around bangalore airport purpose driven initiative enabling differently abled socent,neutral
far ive seen lovely weather absolutely adorable pink trees bangalore airport want explore cafe culture tech hub biryani everyone talks traffic also else would recommend definitely,positive
lot folks twitter already spoke good terminal 2 bangalore airport one mentioned best part smoking zone outside area like cafe park getting cramped closed area full smoke awesome,positive
bad eh one bangalore airport cafes,positive
early morning flight catchone shud go bangalore airport late night try open cafes soul mate night breeze awesome,positive
check mitti cafe around bangalore airport purpose driven initiative enabling differently abled socent,neutral
tomorrow project special previous orgn amp personal interest inaugurated attend event pls passing thro bangalore airport pls patronise cafe life changing experience,positive
bangalore airport brewery good cafes drink beer windmills place airport,positive
waiting bangalore airport become interesting adventurous windmills cafe barleys grapes cafe kempegowda international airport lounge bengaluru,positive
bangalore airport one subway cafe something outside plus seating,neutral
overheard cafe bangalore airport looks like lalit modis,neutral
buggers players jersey cafe area bangalore airport speaking odia slangs aloud even sports cant change assholes,negative
cafe coffee day bangalore airport mean day blissful,positive
south indian cafe bangalore airport also sells beer must one kinds idli vada beer masala dosa,neutral
malgudi cafe bangalore airport janat,neutral
way start day greeted sparrows bangalore airport followed breakfast brahmins cafe,positive
smoke cafe latte bangalore airport lounge smoking zone bliss,neutral
next time youre bangalore airport want good breakfast fresh juices cafe noir place,positive
caramel coffee cafenoir outside bangalore airport one best cafes ive discovered,positive
drinking hot coffee without sugar alone cafe bangalore airport need,positive
cafe coffee day bangalore airport sucks pl train staff take orders serve properly hate monopolies,negative
bangalore airport well equipped restaurants cafes book library atm shopping stores,neutral
chai point bangalore airport serves boiled tea though costs rs 25 cannot b customized still better brown cafe diarrhea,neutral
bangalore airport cafe coffee day served tamarind sauce sandwich local favorite think,positive
coffee sparrow cafe inside bangalore airport quite flying tweeting away nice al fresco touch,positive
